{
	"pages": [ //pages数组中第一项表示应用启动页，参考：https://uniapp.dcloud.io/collocation/pages
		{
			"path": "pages/index/index",
			"style": {
				"navigationBarTitleText": "%index.title%",
				"navigationStyle": "custom"
			}
		}
	    ,{
            "path" : "pages/pledge/pledge",
            "style" :                                                                                    
            {
                "navigationBarTitleText": "%index.pledgerecord%",
                "enablePullDownRefresh": false
            }
            
        }
    ],
	"globalStyle": {
		"navigationBarTextStyle": "black",
		"navigationBarTitleText": "YFISWAP",
		"navigationBarBackgroundColor": "#F8F8F8",
		"backgroundColor": "#F8F8F8"
	}
}
